Region,Total_Sales,Total_Profit,Region_Sales_%,Region_Profit_%
Nunavut,36306.49799999999,780.7100000000002,3.3095334265706633,23.971039451778097
Ontario,81727.7725,16375.460000000001,7.449927970687581,53.96002828208454
Prarie,86646.136,6944.320000000001,7.898263373547837,57.207333640389415
Atlantic,271205.101,28393.28,24.72181005218331,179.06073385525823
Northwest Territories,275140.7555,59551.86,25.08056622093259,181.6592144161779
West,346001.424,39414.21,31.539898956078037,228.44433481509023
